{"name":"d0159dbc-e986-44b1-8cf1-3dc8b3906c04","id":"/providers/Microsoft.Flow/flows/d0159dbc-e986-44b1-8cf1-3dc8b3906c04","type":"Microsoft.Flow/flows","properties":{"apiId":"/providers/Microsoft.PowerApps/apis/shared_logicflows","displayName":"VM to Group Mailbox v2","definition":{"metadata":{"workflowEntityId":null,"processAdvisorMetadata":null,"flowclientsuspensionreason":"None","flowclientsuspensiontime":null,"flowclientsuspensionreasondetails":null,"creator":{"id":"d98482ad-56da-47b5-b55b-ecf474fc83f2","type":"User","tenantId":"9aca2138-9cb1-4ffa-8af1-d874a83d538a"},"provisioningMethod":"FromDefinition","failureAlertSubscription":true,"clientLastModifiedTime":"2022-08-16T19:01:12.3708182Z"},"$schema":"https://schema.management.azure.com/providers/Microsoft.Logic/schemas/2016-06-01/workflowdefinition.json#","contentVersion":"1.0.0.0","parameters":{"$connections":{"defaultValue":{},"type":"Object"},"$authentication":{"defaultValue":{},"type":"SecureObject"}},"triggers":{"When_a_new_email_arrives_to_a_group":{"recurrence":{"frequency":"Minute","interval":5},"splitOn":"@triggerOutputs()?['body/value']","metadata":{"operationMetadataId":"8af6bf1a-f475-4b80-be67-2672ad9e1496"},"type":"OpenApiConnection","inputs":{"host":{"apiId":"/providers/Microsoft.PowerApps/apis/shared_office365groupsmail","connectionName":"shared_office365groupsmail","operationId":"OnNewEmailInGroup"},"parameters":{"groupId":"e20a087b-5718-4412-8d56-2e0126bb3c73"},"authentication":"@parameters('$authentication')"}}},"actions":{"Apply_to_each_2":{"foreach":"@triggerOutputs()?['body/threads']","actions":{"Apply_to_each_3":{"foreach":"@items('Apply_to_each_2')?['posts']","actions":{"Get_a_thread_post":{"runAfter":{},"metadata":{"operationMetadataId":"1ad73e45-594b-433d-bb6d-ba37f31fc16d"},"type":"OpenApiConnection","inputs":{"host":{"apiId":"/providers/Microsoft.PowerApps/apis/shared_office365groupsmail","connectionName":"shared_office365groupsmail","operationId":"GetThreadPost"},"parameters":{"groupId":"e20a087b-5718-4412-8d56-2e0126bb3c73","threadId":"@items('Apply_to_each_2')?['id']","postId":"@item()?['id']"},"authentication":"@parameters('$authentication')"}},"Apply_to_each_4":{"foreach":"@outputs('Get_a_thread_post')?['body/attachments']","actions":{"Create_file_-_Create_the_VM_audio_in_Teams_Channel":{"runAfter":{},"metadata":{"operationMetadataId":"8a5de64a-eac1-493b-b2bb-a4a55ac52617"},"type":"OpenApiConnection","inputs":{"host":{"apiId":"/providers/Microsoft.PowerApps/apis/shared_sharepointonline","connectionName":"shared_sharepointonline","operationId":"CreateFile"},"parameters":{"dataset":"https://gov968158.sharepoint.com/sites/DOT_GroupVM","folderPath":"/Shared Documents/Voicemail","name":"@{variables('TimeStamp')}-@{items('Apply_to_each_4')?['name']}","body":"@items('Apply_to_each_4')?['contentBytes']"},"authentication":"@parameters('$authentication')"},"runtimeConfiguration":{"contentTransfer":{"transferMode":"Chunked"}}},"Set_variable_2_-_FileUrl":{"runAfter":{"Get_file_properties":["Succeeded"]},"metadata":{"operationMetadataId":"29ff1b71-8837-4b1d-a0c7-353231b2fe1d"},"type":"SetVariable","inputs":{"name":"FileUrl","value":"@outputs('Get_file_properties')?['body/{Link}']"}},"Get_file_properties":{"runAfter":{"Create_file_-_Create_the_VM_audio_in_Teams_Channel":["Succeeded"]},"metadata":{"operationMetadataId":"cf24e792-2189-4e43-b469-c1ad04b6a37e"},"type":"OpenApiConnection","inputs":{"host":{"apiId":"/providers/Microsoft.PowerApps/apis/shared_sharepointonline","connectionName":"shared_sharepointonline","operationId":"GetFileItem"},"parameters":{"dataset":"https://gov968158.sharepoint.com/sites/DOT_GroupVM","table":"8be6c588-8bfe-410f-999a-3e4f7f8fb982","id":"@outputs('Create_file_-_Create_the_VM_audio_in_Teams_Channel')?['body/ItemId']"},"authentication":"@parameters('$authentication')"}}},"runAfter":{"Set_variable":["Succeeded"]},"metadata":{"operationMetadataId":"cbedaad1-f2c6-4f2e-bcee-f17f93b352fe"},"type":"Foreach"},"Set_variable":{"runAfter":{"Translate_text":["Succeeded"]},"metadata":{"operationMetadataId":"d1ace65b-c3a6-44d9-9230-62a222ce0349"},"type":"SetVariable","inputs":{"name":"EmailBody","value":" @{body('Translate_text')}"}},"Html_to_text":{"runAfter":{"Get_a_thread_post":["Succeeded"]},"metadata":{"operationMetadataId":"d545ff31-8cba-4d5d-b013-d83c1af683c8"},"type":"OpenApiConnection","inputs":{"host":{"apiId":"/providers/Microsoft.PowerApps/apis/shared_conversionservice","connectionName":"shared_conversionservice","operationId":"HtmlToText"},"parameters":{"Content":"<p>@{outputs('Get_a_thread_post')?['body/body/content']}</p>"},"authentication":"@parameters('$authentication')"}},"Translate_text":{"runAfter":{"Html_to_text":["Succeeded"]},"metadata":{"operationMetadataId":"945bf65b-c3e4-4483-891d-89c92e838718"},"type":"OpenApiConnection","inputs":{"host":{"apiId":"/providers/Microsoft.PowerApps/apis/shared_translatorv2","connectionName":"shared_translatorv2","operationId":"Translate"},"parameters":{"to":"en","body/Text":"@body('Html_to_text')","textType":"plain"},"authentication":"@parameters('$authentication')"}}},"runAfter":{},"metadata":{"operationMetadataId":"6239856b-f2ef-4ed5-8efc-f0f1f84d18ef"},"type":"Foreach"}},"runAfter":{"Initialize_variable_-_EmailBody":["Succeeded"]},"metadata":{"operationMetadataId":"ca34376d-25e2-4f6f-992a-5d7948e5ffd9"},"type":"Foreach"},"Initialize_variable_-_TimeStamp":{"runAfter":{},"metadata":{"operationMetadataId":"088ea3fa-a122-4891-8ed7-9b7940fb08e0"},"type":"InitializeVariable","inputs":{"variables":[{"name":"TimeStamp","type":"string","value":"@triggerOutputs()?['body/lastDeliveredDateTime']"}]}},"Post_adaptive_card_in_a_chat_or_channel":{"runAfter":{"Apply_to_each_2":["Succeeded"]},"metadata":{"operationMetadataId":"42d77912-1ece-4659-90ea-eae33059f4bd"},"type":"OpenApiConnection","inputs":{"host":{"apiId":"/providers/Microsoft.PowerApps/apis/shared_teams","connectionName":"shared_teams","operationId":"PostCardToConversation"},"parameters":{"poster":"User","location":"Channel","body/recipient/groupId":"e20a087b-5718-4412-8d56-2e0126bb3c73","body/recipient/channelId":"19:0446a994c2444d02ac57aa8eccdea241@thread.tacv2","body/messageBody":"{\n    \"type\": \"AdaptiveCard\",\n    \"body\": [\n        {\n            \"type\": \"TextBlock\",\n            \"size\": \"Medium\",\n            \"weight\": \"Bolder\",\n            \"text\": \"VM to Group Mail\",\n            \"style\": \"heading\"\n        },\n        {\n            \"type\": \"ColumnSet\",\n            \"columns\": [\n                {\n                    \"type\": \"Column\",\n                    \"items\": [\n                        {\n                            \"type\": \"TextBlock\",\n                            \"spacing\": \"None\",\n                            \"text\": \"Created @{variables('TimeStamp')} \",\n                            \"isSubtle\": true,\n                            \"wrap\": true\n                        }\n                    ],\n                    \"width\": \"stretch\"\n                }\n            ]\n        },\n        {\n            \"type\": \"TextBlock\",\n            \"text\": \"@{variables('EmailBody')} \",\n            \"wrap\": true\n        }\n    ],\n    \"actions\": [\n        {\n            \"type\": \"Action.OpenUrl\",\n            \"title\": \"Listen to VM\",\n            \"url\": \"@{variables('FileUrl')}\"\n        }\n    ],\n    \"$schema\": \"http://adaptivecards.io/schemas/adaptive-card.json\",\n    \"version\": \"1.5\"\n}","body/subject":"Version 2 Test"},"authentication":"@parameters('$authentication')"}},"Initialize_variable_2-_FileURL":{"runAfter":{"Initialize_variable_-_TimeStamp":["Succeeded"]},"metadata":{"operationMetadataId":"1cc2db06-b9d6-4067-bc93-681239f8784d"},"type":"InitializeVariable","inputs":{"variables":[{"name":"FileUrl","type":"string"}]}},"Initialize_variable_-_EmailBody":{"runAfter":{"Initialize_variable_2-_FileURL":["Succeeded"]},"metadata":{"operationMetadataId":"d6c6d3de-37f8-4cae-ac50-2f358264ead2"},"type":"InitializeVariable","inputs":{"variables":[{"name":"EmailBody","type":"string"}]}}},"description":"Create Adaptive cards in Teams from the Voicemail"},"connectionReferences":{"shared_office365groupsmail":{"connectionName":"shared-office365grou-62eda51f-87c6-4faa-acbd-0343-e3fbd71b","source":"Embedded","id":"/providers/Microsoft.PowerApps/apis/shared_office365groupsmail","tier":"NotSpecified"},"shared_sharepointonline":{"connectionName":"shared-sharepointonl-145e00f1-abf9-463b-9067-507c19e984bb","source":"Embedded","id":"/providers/Microsoft.PowerApps/apis/shared_sharepointonline","tier":"NotSpecified"},"shared_conversionservice":{"connectionName":"shared-conversionser-3eb16d93-c2e3-45f6-8339-7aa7-98090f9d","source":"Embedded","id":"/providers/Microsoft.PowerApps/apis/shared_conversionservice","tier":"NotSpecified"},"shared_translatorv2":{"connectionName":"shared-translatorv2-a48d3d8b-607b-4993-9643-2166221e8733","source":"Embedded","id":"/providers/Microsoft.PowerApps/apis/shared_translatorv2","tier":"NotSpecified"},"shared_teams":{"connectionName":"shared-teams-40b3aa9e-dd22-4119-ad97-ff70-f8b6ae15","source":"Embedded","id":"/providers/Microsoft.PowerApps/apis/shared_teams","tier":"NotSpecified"}},"flowFailureAlertSubscribed":false,"isManaged":false}}